round,alive_nodes,node_id,remaining_energy_j
1,100,0,1.999768
1,100,1,1.999703
1,100,2,1.99527
1,100,3,1.999582
1,100,4,1.999773
1,100,5,1.999689
1,100,6,1.999521
1,100,7,1.99954
1,100,8,1.999723
1,100,9,1.999504
1,100,10,1.999732
1,100,11,1.999548
1,100,12,1.999785
1,100,13,1.999721
1,100,14,1.999664
1,100,15,1.99965
1,100,16,1.999784
1,100,17,1.997966
1,100,18,1.999725
1,100,19,1.999512
1,100,20,1.999548
1,100,21,1.996747
1,100,22,1.99975
1,100,23,1.992702
1,100,24,1.999758
1,100,25,1.999696
1,100,26,1.999631
1,100,27,1.999767
1,100,28,1.999188
1,100,29,1.999774
1,100,30,1.99976
1,100,31,1.999364
1,100,32,1.997677
1,100,33,1.999696
1,100,34,1.999793
1,100,35,1.999769
1,100,36,1.99957
1,100,37,1.999528
1,100,38,1.999423
1,100,39,1.999605
1,100,40,1.999632
1,100,41,1.999453
1,100,42,1.999798
1,100,43,1.999705
1,100,44,1.999627
1,100,45,1.999638
1,100,46,1.999678
1,100,47,1.999749
1,100,48,1.998986
1,100,49,1.99968
1,100,50,1.999706
1,100,51,1.999655
1,100,52,1.977878
1,100,53,1.99887
1,100,54,1.999458
1,100,55,1.998785
1,100,56,1.995308
1,100,57,1.999712
1,100,58,1.999792
1,100,59,1.996036
1,100,60,1.999539
1,100,61,1.999672
1,100,62,1.99975
1,100,63,1.9996
1,100,64,1.999569
1,100,65,1.99947
1,100,66,1.999714
1,100,67,1.999746
1,100,68,1.999325
1,100,69,1.999672
1,100,70,1.999543
1,100,71,1.999574
1,100,72,1.999234
1,100,73,1.999661
1,100,74,1.998641
1,100,75,1.999643
1,100,76,1.999644
1,100,77,1.999586
1,100,78,1.999784
1,100,79,1.999713
1,100,80,1.999491
1,100,81,1.999771
1,100,82,1.997803
1,100,83,1.999757
1,100,84,1.999609
1,100,85,1.999619
1,100,86,1.999722
1,100,87,1.999522
1,100,88,1.99952
1,100,89,1.999676
1,100,90,1.999559
1,100,91,1.999656
1,100,92,1.999725
1,100,93,1.991246
1,100,94,1.999588
1,100,95,1.995769
1,100,96,1.996896
1,100,97,1.996418
1,100,98,1.999506
1,100,99,1.999606
2,100,0,1.999567
2,100,1,1.999462
2,100,2,1.995054
2,100,3,1.998851
2,100,4,1.999301
2,100,5,1.999148
2,100,6,1.997183
2,100,7,1.998152
2,100,8,1.999263
2,100,9,1.996542
2,100,10,1.999521
2,100,11,1.999183
2,100,12,1.999345
2,100,13,1.999362
2,100,14,1.995067
2,100,15,1.996065
2,100,16,1.999326
2,100,17,1.997114
2,100,18,1.999454
2,100,19,1.996531
2,100,20,1.998667
2,100,21,1.996411
2,100,22,1.999486
2,100,23,1.992375
2,100,24,1.997547
2,100,25,1.999329
2,100,26,1.999072
2,100,27,1.999511
2,100,28,1.998671
2,100,29,1.999434
2,100,30,1.987925
2,100,31,1.999088
2,100,32,1.996629
2,100,33,1.993946
2,100,34,1.999424
2,100,35,1.999536
2,100,36,1.999317
2,100,37,1.99911
2,100,38,1.999002
2,100,39,1.999266
2,100,40,1.999146
2,100,41,1.999186
2,100,42,1.999423
2,100,43,1.997495
2,100,44,1.999361
2,100,45,1.997917
2,100,46,1.999435
2,100,47,1.999422
2,100,48,1.995343
2,100,49,1.999454
2,100,50,1.999364
2,100,51,1.999358
2,100,52,1.977638
2,100,53,1.998384
2,100,54,1.999124
2,100,55,1.997675
2,100,56,1.994927
2,100,57,1.999482
2,100,58,1.999547
2,100,59,1.995686
2,100,60,1.999292
2,100,61,1.996909
2,100,62,1.999514
2,100,63,1.998935
2,100,64,1.999132
2,100,65,1.998609
2,100,66,1.99942
2,100,67,1.999534
2,100,68,1.997066
2,100,69,1.999453
2,100,70,1.998688
2,100,71,1.999226
2,100,72,1.998552
2,100,73,1.999198
2,100,74,1.995359
2,100,75,1.999288
2,100,76,1.999336
2,100,77,1.999374
2,100,78,1.992704
2,100,79,1.999304
2,100,80,1.998066
2,100,81,1.996253
2,100,82,1.996998
2,100,83,1.999521
2,100,84,1.998972
2,100,85,1.996749
2,100,86,1.999001
2,100,87,1.998672
2,100,88,1.999293
2,100,89,1.999335
2,100,90,1.998892
2,100,91,1.999213
2,100,92,1.99919
2,100,93,1.990952
2,100,94,1.999379
2,100,95,1.995541
2,100,96,1.996655
2,100,97,1.996114
2,100,98,1.997169
2,100,99,1.99929
3,100,0,1.997048
3,100,1,1.99715
3,100,2,1.994823
3,100,3,1.998134
3,100,4,1.999063
3,100,5,1.998929
3,100,6,1.996882
3,100,7,1.996434
3,100,8,1.998992
3,100,9,1.996301
3,100,10,1.999152
3,100,11,1.99857
3,100,12,1.99914
3,100,13,1.998987
3,100,14,1.994693
3,100,15,1.995856
3,100,16,1.998881
3,100,17,1.99691
3,100,18,1.999069
3,100,19,1.996309
3,100,20,1.997481
3,100,21,1.996209
3,100,22,1.99883
3,100,23,1.9921
3,100,24,1.997306
3,100,25,1.99822
3,100,26,1.998481
3,100,27,1.999184
3,100,28,1.998393
3,100,29,1.999147
3,100,30,1.987616
3,100,31,1.998299
3,100,32,1.993956
3,100,33,1.993536
3,100,34,1.999218
3,100,35,1.988539
3,100,36,1.998842
3,100,37,1.998607
3,100,38,1.998565
3,100,39,1.998984
3,100,40,1.998705
3,100,41,1.998958
3,100,42,1.99391
3,100,43,1.996365
3,100,44,1.998558
3,100,45,1.99304
3,100,46,1.999232
3,100,47,1.999132
3,100,48,1.994941
3,100,49,1.999203
3,100,50,1.99883
3,100,51,1.999106
3,100,52,1.977246
3,100,53,1.997673
3,100,54,1.998774
3,100,55,1.997325
3,100,56,1.994566
3,100,57,1.999248
3,100,58,1.999296
3,100,59,1.995335
3,100,60,1.998793
3,100,61,1.996374
3,100,62,1.999046
3,100,63,1.998234
3,100,64,1.998677
3,100,65,1.998264
3,100,66,1.999204
3,100,67,1.999255
3,100,68,1.996747
3,100,69,1.998727
3,100,70,1.997812
3,100,71,1.998909
3,100,72,1.998049
3,100,73,1.99891
3,100,74,1.994216
3,100,75,1.998994
3,100,76,1.981164
3,100,77,1.998586
3,100,78,1.992471
3,100,79,1.994122
3,100,80,1.997513
3,100,81,1.996053
3,100,82,1.992916
3,100,83,1.998894
3,100,84,1.998302
3,100,85,1.995944
3,100,86,1.998207
3,100,87,1.9975
3,100,88,1.99873
3,100,89,1.998702
3,100,90,1.998595
3,100,91,1.998859
3,100,92,1.989112
3,100,93,1.990596
3,100,94,1.995582
3,100,95,1.995308
3,100,96,1.996358
3,100,97,1.995828
3,100,98,1.996722
3,100,99,1.998991
4,100,0,1.996814
4,100,1,1.996946
4,100,2,1.994615
4,100,3,1.996631
4,100,4,1.991116
4,100,5,1.998524
4,100,6,1.996438
4,100,7,1.99597
4,100,8,1.998755
4,100,9,1.990759
4,100,10,1.998911
4,100,11,1.998009
4,100,12,1.998929
4,100,13,1.998747
4,100,14,1.994324
4,100,15,1.995399
4,100,16,1.992696
4,100,17,1.99594
4,100,18,1.998776
4,100,19,1.996099
4,100,20,1.996976
4,100,21,1.996002
4,100,22,1.998587
4,100,23,1.991872
4,100,24,1.997063
4,100,25,1.997691
4,100,26,1.997682
4,100,27,1.998951
4,100,28,1.996205
4,100,29,1.99868
4,100,30,1.987391
4,100,31,1.997463
4,100,32,1.990747
4,100,33,1.99322
4,100,34,1.996211
4,100,35,1.988288
4,100,36,1.998341
4,100,37,1.997966
4,100,38,1.997718
4,100,39,1.998782
4,100,40,1.998401
4,100,41,1.998416
4,100,42,1.993704
4,100,43,1.996147
4,100,44,1.997942
4,100,45,1.992799
4,100,46,1.996177
4,100,47,1.998864
4,100,48,1.9944
4,100,49,1.983036
4,100,50,1.998257
4,100,51,1.998706
4,100,52,1.976926
4,100,53,1.997234
4,100,54,1.998465
4,100,55,1.9936
4,100,56,1.99407
4,100,57,1.993081
4,100,58,1.994448
4,100,59,1.995119
4,100,60,1.998506
4,100,61,1.995902
4,100,62,1.998737
4,100,63,1.997229
4,100,64,1.998336
4,100,65,1.997734
4,100,66,1.998902
4,100,67,1.998955
4,100,68,1.99629
4,100,69,1.996039
4,100,70,1.99629
4,100,71,1.998406
4,100,72,1.997067
4,100,73,1.998449
4,100,74,1.993506
4,100,75,1.998611
4,100,76,1.980913
4,100,77,1.99789
4,100,78,1.992225
4,100,79,1.993823
4,100,80,1.997128
4,100,81,1.995823
4,100,82,1.99219
4,100,83,1.998666
4,100,84,1.997322
4,100,85,1.993446
4,100,86,1.997947
4,100,87,1.996915
4,100,88,1.998198
4,100,89,1.998322
4,100,90,1.998153
4,100,91,1.998447
4,100,92,1.988874
4,100,93,1.990001
4,100,94,1.995137
4,100,95,1.99502
4,100,96,1.996036
4,100,97,1.995434
4,100,98,1.996232
4,100,99,1.99201
5,100,0,1.996358
5,100,1,1.996664
5,100,2,1.994382
5,100,3,1.993332
5,100,4,1.990674
5,100,5,1.992384
5,100,6,1.996079
5,100,7,1.995693
5,100,8,1.99849
5,100,9,1.990548
5,100,10,1.997903
5,100,11,1.997694
5,100,12,1.995837
5,100,13,1.998491
5,100,14,1.993884
5,100,15,1.995138
5,100,16,1.992436
5,100,17,1.995685
5,100,18,1.998556
5,100,19,1.990641
5,100,20,1.996645
5,100,21,1.995787
5,100,22,1.998245
5,100,23,1.991431
5,100,24,1.996721
5,100,25,1.991824
5,100,26,1.99707
5,100,27,1.995453
5,100,28,1.992259
5,100,29,1.985052
5,100,30,1.986704
5,100,31,1.996357
5,100,32,1.987341
5,100,33,1.992679
5,100,34,1.996
5,100,35,1.987961
5,100,36,1.997728
5,100,37,1.997325
5,100,38,1.996747
5,100,39,1.998402
5,100,40,1.998023
5,100,41,1.99813
5,100,42,1.993499
5,100,43,1.995808
5,100,44,1.996784
5,100,45,1.992577
5,100,46,1.995884
5,100,47,1.998424
5,100,48,1.993895
5,100,49,1.982569
5,100,50,1.995595
5,100,51,1.99821
5,100,52,1.97595
5,100,53,1.996639
5,100,54,1.997644
5,100,55,1.993365
5,100,56,1.993581
5,100,57,1.99274
5,100,58,1.994216
5,100,59,1.994841
5,100,60,1.997613
5,100,61,1.995236
5,100,62,1.997139
5,100,63,1.996399
5,100,64,1.99182
5,100,65,1.997529
5,100,66,1.998478
5,100,67,1.998674
5,100,68,1.99594
5,100,69,1.995622
5,100,70,1.994485
5,100,71,1.997719
5,100,72,1.996798
5,100,73,1.998204
5,100,74,1.992774
5,100,75,1.998142
5,100,76,1.980626
5,100,77,1.997086
5,100,78,1.991969
5,100,79,1.993604
5,100,80,1.996653
5,100,81,1.995386
5,100,82,1.991912
5,100,83,1.998346
5,100,84,1.996475
5,100,85,1.992929
5,100,86,1.992215
5,100,87,1.996546
5,100,88,1.99742
5,100,89,1.997803
5,100,90,1.98572
5,100,91,1.99806
5,100,92,1.988576
5,100,93,1.989775
5,100,94,1.994873
5,100,95,1.994589
5,100,96,1.995742
5,100,97,1.995123
5,100,98,1.995841
5,100,99,1.991605
6,100,0,1.995767
6,100,1,1.996051
6,100,2,1.994107
6,100,3,1.992867
6,100,4,1.989979
6,100,5,1.992005
6,100,6,1.986717
6,100,7,1.994548
6,100,8,1.995391
6,100,9,1.990104
6,100,10,1.997684
6,100,11,1.99465
6,100,12,1.995572
6,100,13,1.998153
6,100,14,1.993424
6,100,15,1.994812
6,100,16,1.992168
6,100,17,1.991784
6,100,18,1.994179
6,100,19,1.990282
6,100,20,1.995568
6,100,21,1.99551
6,100,22,1.998041
6,100,23,1.991018
6,100,24,1.996356
6,100,25,1.991567
6,100,26,1.993662
6,100,27,1.995233
6,100,28,1.99073
6,100,29,1.984732
6,100,30,1.986468
6,100,31,1.994929
6,100,32,1.98142
6,100,33,1.99234
6,100,34,1.995763
6,100,35,1.987576
6,100,36,1.996776
6,100,37,1.995849
6,100,38,1.995902
6,100,39,1.989445
6,100,40,1.997501
6,100,41,1.997825
6,100,42,1.993228
6,100,43,1.995572
6,100,44,1.996076
6,100,45,1.992276
6,100,46,1.995323
6,100,47,1.992116
6,100,48,1.989012
6,100,49,1.98226
6,100,50,1.99528
6,100,51,1.997656
6,100,52,1.9757
6,100,53,1.996213
6,100,54,1.997224
6,100,55,1.992088
6,100,56,1.993102
6,100,57,1.991942
6,100,58,1.993923
6,100,59,1.99459
6,100,60,1.997299
6,100,61,1.995024
6,100,62,1.966608
6,100,63,1.996194
6,100,64,1.991208
6,100,65,1.996526
6,100,66,1.997968
6,100,67,1.99841
6,100,68,1.992926
6,100,69,1.995394
6,100,70,1.99421
6,100,71,1.997013
6,100,72,1.996128
6,100,73,1.997714
6,100,74,1.985229
6,100,75,1.997912
6,100,76,1.979999
6,100,77,1.993796
6,100,78,1.991698
6,100,79,1.993321
6,100,80,1.993228
6,100,81,1.994827
6,100,82,1.987294
6,100,83,1.994827
6,100,84,1.996269
6,100,85,1.990592
6,100,86,1.991776
6,100,87,1.995369
6,100,88,1.996688
6,100,89,1.99726
6,100,90,1.984915
6,100,91,1.997262
6,100,92,1.987788
6,100,93,1.989532
6,100,94,1.994582
6,100,95,1.994221
6,100,96,1.99529
6,100,97,1.994728
6,100,98,1.99514
6,100,99,1.991403
7,100,0,1.995098
7,100,1,1.995701
7,100,2,1.993822
7,100,3,1.992397
7,100,4,1.98945
7,100,5,1.990846
7,100,6,1.98544
7,100,7,1.991508
7,100,8,1.99469
7,100,9,1.984187
7,100,10,1.996855
7,100,11,1.99423
7,100,12,1.995181
7,100,13,1.997711
7,100,14,1.993171
7,100,15,1.994544
7,100,16,1.991626
7,100,17,1.991478
7,100,18,1.993669
7,100,19,1.985554
7,100,20,1.993257
7,100,21,1.995016
7,100,22,1.997476
7,100,23,1.990488
7,100,24,1.996022
7,100,25,1.990653
7,100,26,1.993457
7,100,27,1.994809
7,100,28,1.990495
7,100,29,1.984488
7,100,30,1.985939
7,100,31,1.994704
7,100,32,1.980984
7,100,33,1.992073
7,100,34,1.995273
7,100,35,1.98736
7,100,36,1.992632
7,100,37,1.995568
7,100,38,1.995435
7,100,39,1.988738
7,100,40,1.997032
7,100,41,1.992725
7,100,42,1.992781
7,100,43,1.995109
7,100,44,1.991943
7,100,45,1.98943
7,100,46,1.995014
7,100,47,1.991811
7,100,48,1.988466
7,100,49,1.981798
7,100,50,1.994459
7,100,51,1.997407
7,100,52,1.975129
7,100,53,1.995725
7,100,54,1.993406
7,100,55,1.971578
7,100,56,1.991887
7,100,57,1.990962
7,100,58,1.993621
7,100,59,1.994152
7,100,60,1.996917
7,100,61,1.994162
7,100,62,1.965437
7,100,63,1.995994
7,100,64,1.99036
7,100,65,1.991843
7,100,66,1.992123
7,100,67,1.998052
7,100,68,1.992563
7,100,69,1.99468
7,100,70,1.993971
7,100,71,1.996692
7,100,72,1.995873
7,100,73,1.993823
7,100,74,1.980445
7,100,75,1.997657
7,100,76,1.979711
7,100,77,1.992793
7,100,78,1.991404
7,100,79,1.992519
7,100,80,1.990365
7,100,81,1.994189
7,100,82,1.986944
7,100,83,1.994337
7,100,84,1.99341
7,100,85,1.989482
7,100,86,1.990456
7,100,87,1.993046
7,100,88,1.996409
7,100,89,1.99431
7,100,90,1.98471
7,100,91,1.996897
7,100,92,1.987442
7,100,93,1.989192
7,100,94,1.994354
7,100,95,1.99383
7,100,96,1.994748
7,100,97,1.994355
7,100,98,1.97958
7,100,99,1.990786
8,100,0,1.994398
8,100,1,1.995404
8,100,2,1.993568
8,100,3,1.990582
8,100,4,1.989069
8,100,5,1.989953
8,100,6,1.982611
8,100,7,1.989121
8,100,8,1.993957
8,100,9,1.983748
8,100,10,1.993478
8,100,11,1.993778
8,100,12,1.994404
8,100,13,1.997275
8,100,14,1.992944
8,100,15,1.99419
8,100,16,1.991243
8,100,17,1.988188
8,100,18,1.993405
8,100,19,1.984958
8,100,20,1.991082
8,100,21,1.994536
8,100,22,1.993768
8,100,23,1.990164
8,100,24,1.99578
8,100,25,1.986307
8,100,26,1.993252
8,100,27,1.994528
8,100,28,1.99024
8,100,29,1.984146
8,100,30,1.983295
8,100,31,1.994454
8,100,32,1.979908
8,100,33,1.991826
8,100,34,1.994741
8,100,35,1.987081
8,100,36,1.992353
8,100,37,1.995048
8,100,38,1.995059
8,100,39,1.988424
8,100,40,1.996294
8,100,41,1.99247
8,100,42,1.992218
8,100,43,1.994845
8,100,44,1.991562
8,100,45,1.98872
8,100,46,1.994692
8,100,47,1.991582
8,100,48,1.985203
8,100,49,1.980323
8,100,50,1.994165
8,100,51,1.99709
8,100,52,1.971016
8,100,53,1.989911
8,100,54,1.992863
8,100,55,1.971272
8,100,56,1.9908
8,100,57,1.989956
8,100,58,1.993321
8,100,59,1.993795
8,100,60,1.989669
8,100,61,1.993741
8,100,62,1.96018
8,100,63,1.993563
8,100,64,1.98953
8,100,65,1.989368
8,100,66,1.991764
8,100,67,1.988894
8,100,68,1.989914
8,100,69,1.994437
8,100,70,1.993725
8,100,71,1.99635
8,100,72,1.992768
8,100,73,1.993258
8,100,74,1.979046
8,100,75,1.99161
8,100,76,1.979054
8,100,77,1.99225
8,100,78,1.991191
8,100,79,1.99202
8,100,80,1.989868
8,100,81,1.993523
8,100,82,1.98674
8,100,83,1.994132
8,100,84,1.993209
8,100,85,1.98863
8,100,86,1.989635
8,100,87,1.990729
8,100,88,1.993372
8,100,89,1.989168
8,100,90,1.982876
8,100,91,1.996175
8,100,92,1.98681
8,100,93,1.988942
8,100,94,1.994059
8,100,95,1.99343
8,100,96,1.992304
8,100,97,1.993894
8,100,98,1.975209
8,100,99,1.990499
9,100,0,1.992903
9,100,1,1.995163
9,100,2,1.993289
9,100,3,1.987127
9,100,4,1.988087
9,100,5,1.989642
9,100,6,1.982132
9,100,7,1.988886
9,100,8,1.993158
9,100,9,1.983252
9,100,10,1.98909
9,100,11,1.993413
9,100,12,1.994017
9,100,13,1.993002
9,100,14,1.992458
9,100,15,1.993309
9,100,16,1.990739
9,100,17,1.986155
9,100,18,1.993067
9,100,19,1.98447
9,100,20,1.98629
9,100,21,1.994192
9,100,22,1.993518
9,100,23,1.989399
9,100,24,1.993013
9,100,25,1.981367
9,100,26,1.992978
9,100,27,1.994272
9,100,28,1.989428
9,100,29,1.98392
9,100,30,1.980267
9,100,31,1.994041
9,100,32,1.977596
9,100,33,1.991522
9,100,34,1.994328
9,100,35,1.986706
9,100,36,1.991735
9,100,37,1.994798
9,100,38,1.993048
9,100,39,1.988029
9,100,40,1.996056
9,100,41,1.990159
9,100,42,1.991865
9,100,43,1.994551
9,100,44,1.991189
9,100,45,1.988358
9,100,46,1.994449
9,100,47,1.990504
9,100,48,1.983638
9,100,49,1.979728
9,100,50,1.993823
9,100,51,1.99633
9,100,52,1.969176
9,100,53,1.989609
9,100,54,1.992529
9,100,55,1.970057
9,100,56,1.986108
9,100,57,1.989304
9,100,58,1.993081
9,100,59,1.993343
9,100,60,1.989208
9,100,61,1.993058
9,100,62,1.955784
9,100,63,1.993318
9,100,64,1.989056
9,100,65,1.989113
9,100,66,1.991322
9,100,67,1.988457
9,100,68,1.989173
9,100,69,1.994109
9,100,70,1.986114
9,100,71,1.995123
9,100,72,1.985378
9,100,73,1.992919
9,100,74,1.97879
9,100,75,1.989436
9,100,76,1.978699
9,100,77,1.99158
9,100,78,1.990832
9,100,79,1.991734
9,100,80,1.977854
9,100,81,1.992098
9,100,82,1.984543
9,100,83,1.99389
9,100,84,1.99297
9,100,85,1.988249
9,100,86,1.989303
9,100,87,1.990526
9,100,88,1.993034
9,100,89,1.988671
9,100,90,1.982607
9,100,91,1.986055
9,100,92,1.986308
9,100,93,1.979969
9,100,94,1.992873
9,100,95,1.991298
9,100,96,1.992063
9,100,97,1.990878
9,100,98,1.974576
9,100,99,1.990106
10,100,0,1.992671
10,100,1,1.992245
10,100,2,1.992922
10,100,3,1.983944
10,100,4,1.98763
10,100,5,1.989101
10,100,6,1.98183
10,100,7,1.988627
10,100,8,1.99173
10,100,9,1.983011
10,100,10,1.974042
10,100,11,1.9928
10,100,12,1.992912
10,100,13,1.992765
10,100,14,1.992181
10,100,15,1.992459
10,100,16,1.990154
10,100,17,1.985303
10,100,18,1.992545
10,100,19,1.984248
10,100,20,1.986086
10,100,21,1.993556
10,100,22,1.990142
10,100,23,1.988724
10,100,24,1.992772
10,100,25,1.981026
10,100,26,1.992609
10,100,27,1.993894
10,100,28,1.988911
10,100,29,1.982912
10,100,30,1.980056
10,100,31,1.979525
10,100,32,1.977147
10,100,33,1.98843
10,100,34,1.993492
10,100,35,1.986266
10,100,36,1.99151
10,100,37,1.994423
10,100,38,1.989946
10,100,39,1.98769
10,100,40,1.99276
10,100,41,1.987837
10,100,42,1.991075
10,100,43,1.99
10,100,44,1.990922
10,100,45,1.982156
10,100,46,1.994246
10,100,47,1.989327
10,100,48,1.98341
10,100,49,1.979487
10,100,50,1.993289
10,100,51,1.995285
10,100,52,1.968908
10,100,53,1.988898
10,100,54,1.992179
10,100,55,1.968947
10,100,56,1.985747
10,100,57,1.989016
10,100,58,1.992777
10,100,59,1.992864
10,100,60,1.98896
10,100,61,1.990799
10,100,62,1.955566
10,100,63,1.992918
10,100,64,1.988625
10,100,65,1.988749
10,100,66,1.990853
10,100,67,1.987719
10,100,68,1.968276
10,100,69,1.991611
10,100,70,1.985657
10,100,71,1.993361
10,100,72,1.984638
10,100,73,1.992089
10,100,74,1.977304
10,100,75,1.987118
10,100,76,1.97833
10,100,77,1.988567
10,100,78,1.990345
10,100,79,1.991324
10,100,80,1.976732
10,100,81,1.991869
10,100,82,1.983738
10,100,83,1.990502
10,100,84,1.992579
10,100,85,1.986259
10,100,86,1.988935
10,100,87,1.986044
10,100,88,1.992783
10,100,89,1.986022
10,100,90,1.982256
10,100,91,1.985529
10,100,92,1.985989
10,100,93,1.978496
10,100,94,1.991701
10,100,95,1.98625
10,100,96,1.991766
10,100,97,1.990574
10,100,98,1.96972
10,100,99,1.989789
11,100,0,1.99247
11,100,1,1.992041
11,100,2,1.992577
11,100,3,1.983494
11,100,4,1.987088
11,100,5,1.988882
11,100,6,1.981386
11,100,7,1.979788
11,100,8,1.990254
11,100,9,1.977468
11,100,10,1.973701
11,100,11,1.992239
11,100,12,1.99227
11,100,13,1.992006
11,100,14,1.991764
11,100,15,1.99107
11,100,16,1.98969
11,100,17,1.983802
11,100,18,1.991991
11,100,19,1.984038
11,100,20,1.985851
11,100,21,1.993084
11,100,22,1.989878
11,100,23,1.98771
11,100,24,1.992529
11,100,25,1.968472
11,100,26,1.99205
11,100,27,1.993398
11,100,28,1.985919
11,100,29,1.979356
11,100,30,1.979688
11,100,31,1.97915
11,100,32,1.976788
11,100,33,1.988021
11,100,34,1.992852
11,100,35,1.986014
11,100,36,1.99123
11,100,37,1.982811
11,100,38,1.989657
11,100,39,1.987408
11,100,40,1.991714
11,100,41,1.984798
11,100,42,1.990572
11,100,43,1.985353
11,100,44,1.99012
11,100,45,1.981915
11,100,46,1.991191
11,100,47,1.988182
11,100,48,1.958682
11,100,49,1.978959
11,100,50,1.992716
11,100,51,1.991494
11,100,52,1.968605
11,100,53,1.98846
11,100,54,1.99187
11,100,55,1.963783
11,100,56,1.985251
11,100,57,1.988786
11,100,58,1.992377
11,100,59,1.992405
11,100,60,1.988462
11,100,61,1.987156
11,100,62,1.955308
11,100,63,1.992252
11,100,64,1.988188
11,100,65,1.988203
11,100,66,1.990604
11,100,67,1.987402
11,100,68,1.968049
11,100,69,1.991393
11,100,70,1.984802
11,100,71,1.993145
11,100,72,1.983072
11,100,73,1.989734
11,100,74,1.976323
11,100,75,1.984731
11,100,76,1.97722
11,100,77,1.983684
11,100,78,1.990047
11,100,79,1.988073
11,100,80,1.975813
11,100,81,1.987435
11,100,82,1.982608
11,100,83,1.990265
11,100,84,1.991941
11,100,85,1.983765
11,100,86,1.988658
11,100,87,1.985785
11,100,88,1.992263
11,100,89,1.982758
11,100,90,1.981752
11,100,91,1.985279
11,100,92,1.985587
11,100,93,1.973148
11,100,94,1.989983
11,100,95,1.986022
11,100,96,1.991444
11,100,97,1.990288
11,100,98,1.967998
11,100,99,1.98949
12,100,0,1.989024
12,100,1,1.991506
12,100,2,1.992151
12,100,3,1.957466
12,100,4,1.986861
12,100,5,1.988476
12,100,6,1.976768
12,100,7,1.979329
12,100,8,1.984332
12,100,9,1.965246
12,100,10,1.972955
12,100,11,1.991924
12,100,12,1.988865
12,100,13,1.990779
12,100,14,1.990715
12,100,15,1.99072
12,100,16,1.989474
12,100,17,1.983598
12,100,18,1.991285
12,100,19,1.973272
12,100,20,1.985398
12,100,21,1.990761
12,100,22,1.989221
12,100,23,1.982432
12,100,24,1.992187
12,100,25,1.968177
12,100,26,1.98438
12,100,27,1.992711
12,100,28,1.98564
12,100,29,1.979069
12,100,30,1.978957
12,100,31,1.978701
12,100,32,1.964138
12,100,33,1.987704
12,100,34,1.989643
12,100,35,1.985697
12,100,36,1.990794
12,100,37,1.982451
12,100,38,1.989425
12,100,39,1.987206
12,100,40,1.989952
12,100,41,1.984359
12,100,42,1.987899
12,100,43,1.984515
12,100,44,1.989503
12,100,45,1.975038
12,100,46,1.990618
12,100,47,1.987932
12,100,48,1.957669
12,100,49,1.977455
12,100,50,1.989934
12,100,51,1.991278
12,100,52,1.968187
12,100,53,1.98733
12,100,54,1.99105
12,100,55,1.963433
12,100,56,1.983054
12,100,57,1.987142
12,100,58,1.991874
12,100,59,1.986899
12,100,60,1.988175
12,100,61,1.986828
12,100,62,1.954843
12,100,63,1.982817
12,100,64,1.987456
12,100,65,1.987674
12,100,66,1.990284
12,100,67,1.987059
12,100,68,1.967374
12,100,69,1.990185
12,100,70,1.969291
12,100,71,1.983624
12,100,72,1.982307
12,100,73,1.989446
12,100,74,1.957625
12,100,75,1.984374
12,100,76,1.968577
12,100,77,1.98327
12,100,78,1.9897
12,100,79,1.987774
12,100,80,1.975557
12,100,81,1.984154
12,100,82,1.979544
12,100,83,1.989639
12,100,84,1.982359
12,100,85,1.98296
12,100,86,1.98838
12,100,87,1.985307
12,100,88,1.991187
12,100,89,1.98136
12,100,90,1.981311
12,100,91,1.984603
12,100,92,1.985312
12,100,93,1.972793
12,100,94,1.989632
12,100,95,1.98173
12,100,96,1.99115
12,100,97,1.989894
12,100,98,1.960625
12,100,99,1.98251
13,100,0,1.986243
13,100,1,1.990544
13,100,2,1.991574
13,100,3,1.956644
13,100,4,1.986389
13,100,5,1.983653
13,100,6,1.97641
13,100,7,1.978865
13,100,8,1.984056
13,100,9,1.965036
13,100,10,1.972687
13,100,11,1.991347
13,100,12,1.98865
13,100,13,1.988768
13,100,14,1.990379
13,100,15,1.98789
13,100,16,1.982547
13,100,17,1.983342
13,100,18,1.990439
13,100,19,1.967814
13,100,20,1.984894
13,100,21,1.987701
13,100,22,1.985108
13,100,23,1.982104
13,100,24,1.99169
13,100,25,1.965264
13,100,26,1.983788
13,100,27,1.99174
13,100,28,1.981694
13,100,29,1.978092
13,100,30,1.978717
13,100,31,1.978065
13,100,32,1.961815
13,100,33,1.987163
13,100,34,1.989436
13,100,35,1.985259
13,100,36,1.990364
13,100,37,1.981978
13,100,38,1.981152
13,100,39,1.986826
13,100,40,1.986849
13,100,41,1.984092
13,100,42,1.987697
13,100,43,1.980097
13,100,44,1.988345
13,100,45,1.974816
13,100,46,1.9895
13,100,47,1.987664
13,100,48,1.954026
13,100,49,1.977135
13,100,50,1.989673
13,100,51,1.99099
13,100,52,1.941396
13,100,53,1.986734
13,100,54,1.988916
13,100,55,1.963198
13,100,56,1.982566
13,100,57,1.986908
13,100,58,1.991028
13,100,59,1.986682
13,100,60,1.987281
13,100,61,1.982194
13,100,62,1.954593
13,100,63,1.982117
13,100,64,1.987001
13,100,65,1.986812
13,100,66,1.989817
13,100,67,1.986684
13,100,68,1.965115
13,100,69,1.983994
13,100,70,1.968415
13,100,71,1.983392
13,100,72,1.981624
13,100,73,1.988876
13,100,74,1.952372
13,100,75,1.983991
13,100,76,1.968186
13,100,77,1.983058
13,100,78,1.989279
13,100,79,1.987555
13,100,80,1.973336
13,100,81,1.983953
13,100,82,1.979266
13,100,83,1.985748
13,100,84,1.98169
13,100,85,1.982443
13,100,86,1.988121
13,100,87,1.984722
13,100,88,1.990706
13,100,89,1.980938
13,100,90,1.980645
13,100,91,1.984259
13,100,92,1.984778
13,100,93,1.971077
13,100,94,1.989423
13,100,95,1.981498
13,100,96,1.990801
13,100,97,1.989583
13,100,98,1.960131
13,100,99,1.982104
14,100,0,1.98601
14,100,1,1.989931
14,100,2,1.984159
14,100,3,1.955061
14,100,4,1.986151
14,100,5,1.983274
14,100,6,1.967928
14,100,7,1.977146
14,100,8,1.983596
14,100,9,1.964592
14,100,10,1.972476
14,100,11,1.987331
14,100,12,1.98821
14,100,13,1.988489
14,100,14,1.986255
14,100,15,1.987681
14,100,16,1.982102
14,100,17,1.983036
14,100,18,1.990164
14,100,19,1.967455
14,100,20,1.983708
14,100,21,1.987365
14,100,22,1.982464
14,100,23,1.981829
14,100,24,1.991325
14,100,25,1.964897
14,100,26,1.98299
14,100,27,1.991508
14,100,28,1.981459
14,100,29,1.977405
14,100,30,1.956814
14,100,31,1.977789
14,100,32,1.960767
14,100,33,1.986824
14,100,34,1.989066
14,100,35,1.985028
14,100,36,1.990111
14,100,37,1.981561
14,100,38,1.980575
14,100,39,1.977869
14,100,40,1.986482
14,100,41,1.983864
14,100,42,1.987322
14,100,43,1.976719
14,100,44,1.987638
14,100,45,1.974514
14,100,46,1.988939
14,100,47,1.987373
14,100,48,1.953624
14,100,49,1.976909
14,100,50,1.989358
14,100,51,1.990645
14,100,52,1.941156
14,100,53,1.983905
14,100,54,1.988497
14,100,55,1.959731
14,100,56,1.982086
14,100,57,1.984721
14,100,58,1.99082
14,100,59,1.986332
14,100,60,1.986967
14,100,61,1.981659
14,100,62,1.954358
14,100,63,1.981111
14,100,64,1.98666
14,100,65,1.986467
14,100,66,1.989531
14,100,67,1.98643
14,100,68,1.964796
14,100,69,1.979455
14,100,70,1.966893
14,100,71,1.982966
14,100,72,1.981122
14,100,73,1.988346
14,100,74,1.95123
14,100,75,1.983697
14,100,76,1.967877
14,100,77,1.98227
14,100,78,1.989063
14,100,79,1.987273
14,100,80,1.972783
14,100,81,1.983723
14,100,82,1.978916
14,100,83,1.98315
14,100,84,1.98071
14,100,85,1.981333
14,100,86,1.987326
14,100,87,1.98355
14,100,88,1.990479
14,100,89,1.980306
14,100,90,1.980347
14,100,91,1.983816
14,100,92,1.979785
14,100,93,1.970003
14,100,94,1.986232
14,100,95,1.98121
14,100,96,1.990349
14,100,97,1.989188
14,100,98,1.957794
14,100,99,1.981902
15,100,0,1.985554
15,100,1,1.989581
15,100,2,1.983943
15,100,3,1.953611
15,100,4,1.98195
15,100,5,1.982115
15,100,6,1.965099
15,100,7,1.97687
15,100,8,1.983325
15,100,9,1.964153
15,100,10,1.971468
15,100,11,1.986912
15,100,12,1.988004
15,100,13,1.98813
15,100,14,1.985881
15,100,15,1.98696
15,100,16,1.981842
15,100,17,1.972052
15,100,18,1.989893
15,100,19,1.966859
15,100,20,1.983377
15,100,21,1.987163
15,100,22,1.982122
15,100,23,1.981602
15,100,24,1.990991
15,100,25,1.961603
15,100,26,1.982377
15,100,27,1.991251
15,100,28,1.981204
15,100,29,1.972675
15,100,30,1.956128
15,100,31,1.976999
15,100,32,1.958094
15,100,33,1.986558
15,100,34,1.988861
15,100,35,1.984795
15,100,36,1.989636
15,100,37,1.981058
15,100,38,1.980154
15,100,39,1.977162
15,100,40,1.985995
15,100,41,1.982545
15,100,42,1.98421
15,100,43,1.97638
15,100,44,1.984208
15,100,45,1.973804
15,100,46,1.98863
15,100,47,1.986934
15,100,48,1.953082
15,100,49,1.976442
15,100,50,1.988537
15,100,51,1.990347
15,100,52,1.940179
15,100,53,1.98232
15,100,54,1.981959
15,100,55,1.959425
15,100,56,1.981
15,100,57,1.98438
15,100,58,1.990574
15,100,59,1.986054
15,100,60,1.986586
15,100,61,1.981187
15,100,62,1.952759
15,100,63,1.980281
15,100,64,1.97723
15,100,65,1.985938
15,100,66,1.989237
15,100,67,1.986217
15,100,68,1.964339
15,100,69,1.979037
15,100,70,1.965088
15,100,71,1.982618
15,100,72,1.98014
15,100,73,1.988102
15,100,74,1.95052
15,100,75,1.982875
15,100,76,1.96759
15,100,77,1.981574
15,100,78,1.985354
15,100,79,1.986471
15,100,80,1.972398
15,100,81,1.983287
15,100,82,1.978712
15,100,83,1.982831
15,100,84,1.979863
15,100,85,1.980481
15,100,86,1.980714
15,100,87,1.983181
15,100,88,1.989917
15,100,89,1.979926
15,100,90,1.979905
15,100,91,1.983462
15,100,92,1.979547
15,100,93,1.969776
15,100,94,1.985437
15,100,95,1.980779
15,100,96,1.989807
15,100,97,1.988815
15,100,98,1.957346
15,100,99,1.981286
16,100,0,1.984963
16,100,1,1.989284
16,100,2,1.983712
16,100,3,1.952894
16,100,4,1.981508
16,100,5,1.981222
16,100,6,1.964619
16,100,7,1.975725
16,100,8,1.983087
16,100,9,1.963657
16,100,10,1.971227
16,100,11,1.98646
16,100,12,1.987794
16,100,13,1.987755
16,100,14,1.985512
16,100,15,1.986633
16,100,16,1.981574
16,100,17,1.971081
16,100,18,1.989508
16,100,19,1.966371
16,100,20,1.9823
16,100,21,1.986955
16,100,22,1.981879
16,100,23,1.981161
16,100,24,1.990749
16,100,25,1.961075
16,100,26,1.97897
16,100,27,1.990924
16,100,28,1.979016
16,100,29,1.972208
16,100,30,1.955902
16,100,31,1.976163
16,100,32,1.954885
16,100,33,1.98631
16,100,34,1.9856
16,100,35,1.976433
16,100,36,1.989134
16,100,37,1.980418
16,100,38,1.979717
16,100,39,1.976848
16,100,40,1.985555
16,100,41,1.98224
16,100,42,1.984005
16,100,43,1.976162
16,100,44,1.983827
16,100,45,1.973442
16,100,46,1.988308
16,100,47,1.981707
16,100,48,1.952578
16,100,49,1.968396
16,100,50,1.988243
16,100,51,1.990095
16,100,52,1.939859
16,100,53,1.981234
16,100,54,1.981417
16,100,55,1.9557
16,100,56,1.975324
16,100,57,1.983582
16,100,58,1.990323
16,100,59,1.985804
16,100,60,1.975385
16,100,61,1.980521
16,100,62,1.95245
16,100,63,1.980077
16,100,64,1.976617
16,100,65,1.985732
16,100,66,1.989021
16,100,67,1.985939
16,100,68,1.963989
16,100,69,1.976754
16,100,70,1.964813
16,100,71,1.982301
16,100,72,1.97987
16,100,73,1.98764
16,100,74,1.946641
16,100,75,1.982646
16,100,76,1.967338
16,100,77,1.980769
16,100,78,1.98512
16,100,79,1.985972
16,100,80,1.970199
16,100,81,1.982727
16,100,82,1.977986
16,100,83,1.982602
16,100,84,1.979657
16,100,85,1.977984
16,100,86,1.980275
16,100,87,1.982004
16,100,88,1.989385
16,100,89,1.978092
16,100,90,1.965408
16,100,91,1.98305
16,100,92,1.97925
16,100,93,1.969182
16,100,94,1.985146
16,100,95,1.98041
16,100,96,1.987811
16,100,97,1.988354
16,100,98,1.956856
16,100,99,1.980999
17,100,0,1.984294
17,100,1,1.989043
17,100,2,1.983504
17,100,3,1.952429
17,100,4,1.980813
17,100,5,1.980911
17,100,6,1.962282
17,100,7,1.972685
17,100,8,1.982822
17,100,9,1.960695
17,100,10,1.971009
17,100,11,1.986095
17,100,12,1.981397
17,100,13,1.987515
17,100,14,1.985072
17,100,15,1.986366
17,100,16,1.981032
17,100,17,1.97023
17,100,18,1.989214
17,100,19,1.96339
17,100,20,1.979989
17,100,21,1.98674
17,100,22,1.981675
17,100,23,1.980747
17,100,24,1.988538
17,100,25,1.960817
17,100,26,1.978764
17,100,27,1.990691
17,100,28,1.9785
17,100,29,1.971888
17,100,30,1.955666
17,100,31,1.975058
17,100,32,1.951479
17,100,33,1.986007
17,100,34,1.985389
17,100,35,1.976182
17,100,36,1.988522
17,100,37,1.979776
17,100,38,1.978871
17,100,39,1.976453
17,100,40,1.985251
17,100,41,1.97792
17,100,42,1.983799
17,100,43,1.975925
17,100,44,1.983454
17,100,45,1.97172
17,100,46,1.988065
17,100,47,1.981402
17,100,48,1.947695
17,100,49,1.968087
17,100,50,1.987902
17,100,51,1.989695
17,100,52,1.939609
17,100,53,1.980808
17,100,54,1.981083
17,100,55,1.95459
17,100,56,1.974942
17,100,57,1.982602
17,100,58,1.983824
17,100,59,1.985365
17,100,60,1.974924
17,100,61,1.980309
17,100,62,1.917647
17,100,63,1.979876
17,100,64,1.97577
17,100,65,1.984729
17,100,66,1.988719
17,100,67,1.985639
17,100,68,1.960975
17,100,69,1.976526
17,100,70,1.964574
17,100,71,1.981797
17,100,72,1.9792
17,100,73,1.98715
17,100,74,1.939095
17,100,75,1.98239
17,100,76,1.966712
17,100,77,1.977658
17,100,78,1.984875
17,100,79,1.985685
17,100,80,1.966774
17,100,81,1.98209
17,100,82,1.97718
17,100,83,1.974865
17,100,84,1.976798
17,100,85,1.975292
17,100,86,1.978956
17,100,87,1.979682
17,100,88,1.988607
17,100,89,1.975142
17,100,90,1.964603
17,100,91,1.982663
17,100,92,1.978461
17,100,93,1.968939
17,100,94,1.984918
17,100,95,1.98002
17,100,96,1.98757
17,100,97,1.984772
17,100,98,1.956465
17,100,99,1.980605
18,100,0,1.983594
18,100,1,1.986124
18,100,2,1.983271
18,100,3,1.949058
18,100,4,1.980284
18,100,5,1.98037
18,100,6,1.96198
18,100,7,1.970298
18,100,8,1.979371
18,100,9,1.960454
18,100,10,1.970179
18,100,11,1.985482
18,100,12,1.981132
18,100,13,1.987259
18,100,14,1.984612
18,100,15,1.986011
18,100,16,1.980649
18,100,17,1.968278
18,100,18,1.988995
18,100,19,1.963169
18,100,20,1.977814
18,100,21,1.986464
18,100,22,1.977511
18,100,23,1.980218
18,100,24,1.988297
18,100,25,1.958461
18,100,26,1.97856
18,100,27,1.986077
18,100,28,1.975854
18,100,29,1.971546
18,100,30,1.955137
18,100,31,1.97363
18,100,32,1.945558
18,100,33,1.981142
18,100,34,1.985152
18,100,35,1.975855
18,100,36,1.987569
18,100,37,1.9783
18,100,38,1.9779
18,100,39,1.976114
18,100,40,1.984872
18,100,41,1.977665
18,100,42,1.983528
18,100,43,1.975662
18,100,44,1.983187
18,100,45,1.965078
18,100,46,1.987861
18,100,47,1.981173
18,100,48,1.947149
18,100,49,1.967626
18,100,50,1.987367
18,100,51,1.9892
18,100,52,1.939039
18,100,53,1.98032
18,100,54,1.980733
18,100,55,1.951745
18,100,56,1.974581
18,100,57,1.981596
18,100,58,1.983592
18,100,59,1.985009
18,100,60,1.974676
18,100,61,1.979447
18,100,62,1.916476
18,100,63,1.977446
18,100,64,1.97494
18,100,65,1.973854
18,100,66,1.988295
18,100,67,1.985358
18,100,68,1.960612
18,100,69,1.976283
18,100,70,1.964328
18,100,71,1.981111
18,100,72,1.978945
18,100,73,1.984023
18,100,74,1.934312
18,100,75,1.976344
18,100,76,1.966424
18,100,77,1.976656
18,100,78,1.984618
18,100,79,1.985276
18,100,80,1.96391
18,100,81,1.981424
18,100,82,1.975676
18,100,83,1.97466
18,100,84,1.976597
18,100,85,1.97357
18,100,86,1.978134
18,100,87,1.977364
18,100,88,1.987874
18,100,89,1.972667
18,100,90,1.964398
18,100,91,1.981865
18,100,92,1.978116
18,100,93,1.968689
18,100,94,1.984624
18,100,95,1.97962
18,100,96,1.987273
18,100,97,1.984468
18,100,98,1.955764
18,100,99,1.980288
19,100,0,1.983253
19,100,1,1.985921
19,100,2,1.982996
19,100,3,1.948312
19,100,4,1.979302
19,100,5,1.980151
19,100,6,1.961536
19,100,7,1.970063
19,100,8,1.978419
19,100,9,1.954032
19,100,10,1.956034
19,100,11,1.984921
19,100,12,1.98052
19,100,13,1.986921
19,100,14,1.984359
19,100,15,1.98513
19,100,16,1.980144
19,100,17,1.957087
19,100,18,1.986072
19,100,19,1.962958
19,100,20,1.972084
19,100,21,1.986034
19,100,22,1.977261
19,100,23,1.979452
19,100,24,1.988054
19,100,25,1.95812
19,100,26,1.976064
19,100,27,1.985858
19,100,28,1.970423
19,100,29,1.97132
19,100,30,1.954926
19,100,31,1.973405
19,100,32,1.945122
19,100,33,1.980733
19,100,34,1.98465
19,100,35,1.975469
19,100,36,1.976324
19,100,37,1.97802
19,100,38,1.977054
19,100,39,1.975831
19,100,40,1.98435
19,100,41,1.975354
19,100,42,1.983053
19,100,43,1.975367
19,100,44,1.982385
19,100,45,1.964837
19,100,46,1.984155
19,100,47,1.980096
19,100,48,1.945584
19,100,49,1.967384
19,100,50,1.986794
19,100,51,1.988645
19,100,52,1.938771
19,100,53,1.980018
19,100,54,1.980424
19,100,55,1.945827
19,100,56,1.974085
19,100,57,1.981327
19,100,58,1.983298
19,100,59,1.984556
19,100,60,1.974178
19,100,61,1.978764
19,100,62,1.916258
19,100,63,1.97442
19,100,64,1.974421
19,100,65,1.973599
19,100,66,1.987785
19,100,67,1.985094
19,100,68,1.959871
19,100,69,1.975954
19,100,70,1.96027
19,100,71,1.980405
19,100,72,1.972746
19,100,73,1.983684
19,100,74,1.932913
19,100,75,1.974169
19,100,76,1.966055
19,100,77,1.975985
19,100,78,1.984348
19,100,79,1.982024
19,100,80,1.963414
19,100,81,1.981082
19,100,82,1.963453
19,100,83,1.974418
19,100,84,1.973647
19,100,85,1.970609
19,100,86,1.977802
19,100,87,1.977161
19,100,88,1.987596
19,100,89,1.967674
19,100,90,1.964128
19,100,91,1.9815
19,100,92,1.977614
19,100,93,1.959622
19,100,94,1.983438
19,100,95,1.979131
19,100,96,1.986951
19,100,97,1.984182
19,100,98,1.952996
19,100,99,1.97999
20,100,0,1.98302
20,100,1,1.985386
20,100,2,1.98271
20,100,3,1.947842
20,100,4,1.978845
20,100,5,1.979745
20,100,6,1.961178
20,100,7,1.969804
20,100,8,1.977686
20,100,9,1.953821
20,100,10,1.951483
20,100,11,1.984605
20,100,12,1.979742
20,100,13,1.986479
20,100,14,1.984132
20,100,15,1.98428
20,100,16,1.979559
20,100,17,1.956883
20,100,18,1.985562
20,100,19,1.952198
20,100,20,1.971881
20,100,21,1.985554
20,100,22,1.976997
20,100,23,1.978777
20,100,24,1.987712
20,100,25,1.946135
20,100,26,1.975696
20,100,27,1.985434
20,100,28,1.970144
20,100,29,1.97098
20,100,30,1.951548
20,100,31,1.973154
20,100,32,1.944046
20,100,33,1.980416
20,100,34,1.984118
20,100,35,1.975253
20,100,36,1.976045
20,100,37,1.977499
20,100,38,1.976587
20,100,39,1.97563
20,100,40,1.983881
20,100,41,1.973032
20,100,42,1.98249
20,100,43,1.971752
20,100,44,1.981768
20,100,45,1.964616
20,100,46,1.983582
20,100,47,1.978918
20,100,48,1.945356
20,100,49,1.965229
20,100,50,1.983451
20,100,51,1.988396
20,100,52,1.934353
20,100,53,1.977405
20,100,54,1.979603
20,100,55,1.945477
20,100,56,1.973597
20,100,57,1.981039
20,100,58,1.982996
20,100,59,1.984078
20,100,60,1.973891
20,100,61,1.976505
20,100,62,1.909701
20,100,63,1.974021
20,100,64,1.97399
20,100,65,1.973236
20,100,66,1.983634
20,100,67,1.984735
20,100,68,1.936884
20,100,69,1.975736
20,100,70,1.959814
20,100,71,1.980084
20,100,72,1.972005
20,100,73,1.983222
20,100,74,1.928621
20,100,75,1.971852
20,100,76,1.965217
20,100,77,1.972972
20,100,78,1.984053
20,100,79,1.981726
20,100,80,1.961281
20,100,81,1.980853
20,100,82,1.961489
20,100,83,1.974181
20,100,84,1.973256
20,100,85,1.969804
20,100,86,1.977434
20,100,87,1.973513
20,100,88,1.981986
20,100,89,1.967185
20,100,90,1.963778
20,100,91,1.980778
20,100,92,1.977295
20,100,93,1.959328
20,100,94,1.982266
20,100,95,1.976044
20,100,96,1.986657
20,100,97,1.983788
20,100,98,1.948624
20,100,99,1.971122
21,100,0,1.98282
21,100,1,1.984774
21,100,2,1.982457
21,100,3,1.947547
21,100,4,1.978617
21,100,5,1.975798
21,100,6,1.959648
21,100,7,1.969344
21,100,8,1.976887
21,100,9,1.94839
21,100,10,1.951142
21,100,11,1.98059
21,100,12,1.979356
21,100,13,1.986043
21,100,14,1.983688
21,100,15,1.98393
21,100,16,1.979343
21,100,17,1.956628
21,100,18,1.985298
21,100,19,1.947652
21,100,20,1.971428
21,100,21,1.98521
21,100,22,1.976655
21,100,23,1.975865
21,100,24,1.987347
21,100,25,1.906694
21,100,26,1.975136
21,100,27,1.985153
21,100,28,1.965098
21,100,29,1.958672
21,100,30,1.951181
21,100,31,1.972628
21,100,32,1.94337
21,100,33,1.979875
21,100,34,1.983706
21,100,35,1.974975
21,100,36,1.97568
21,100,37,1.977249
21,100,38,1.976212
21,100,39,1.97525
21,100,40,1.983144
21,100,41,1.972594
21,100,42,1.982137
21,100,43,1.971412
21,100,44,1.98061
21,100,45,1.96197
21,100,46,1.983021
21,100,47,1.978667
21,100,48,1.944342
21,100,49,1.964701
21,100,50,1.983135
21,100,51,1.988079
21,100,52,1.934049
21,100,53,1.976275
21,100,54,1.979184
21,100,55,1.945243
21,100,56,1.972785
21,100,57,1.980809
21,100,58,1.982696
21,100,59,1.978572
21,100,60,1.972997
21,100,61,1.976178
21,100,62,1.909444
21,100,63,1.973355
21,100,64,1.973553
21,100,65,1.972706
21,100,66,1.983276
21,100,67,1.980378
21,100,68,1.936209
21,100,69,1.975318
21,100,70,1.958959
21,100,71,1.979742
21,100,72,1.97124
21,100,73,1.982977
21,100,74,1.92534
21,100,75,1.971495
21,100,76,1.964108
21,100,77,1.972558
21,100,78,1.98384
21,100,79,1.981506
21,100,80,1.959855
21,100,81,1.978065
21,100,82,1.961211
21,100,83,1.973862
21,100,84,1.972619
21,100,85,1.969287
21,100,86,1.977156
21,100,87,1.973034
21,100,88,1.981263
21,100,89,1.966843
21,100,90,1.963337
21,100,91,1.975231
21,100,92,1.97702
21,100,93,1.959101
21,100,94,1.981915
21,100,95,1.975816
21,100,96,1.986205
21,100,97,1.983477
21,100,98,1.947992
21,100,99,1.970717
22,100,0,1.981944
22,100,1,1.984424
22,100,2,1.982178
22,100,3,1.945193
22,100,4,1.978146
22,100,5,1.975418
22,100,6,1.950287
22,100,7,1.960505
22,100,8,1.97546
22,100,9,1.947946
22,100,10,1.950773
22,100,11,1.98017
22,100,12,1.97825
22,100,13,1.983059
22,100,14,1.983412
22,100,15,1.982542
22,100,16,1.978879
22,100,17,1.952727
22,100,18,1.98496
22,100,19,1.947294
22,100,20,1.971193
22,100,21,1.984574
22,100,22,1.976413
22,100,23,1.975537
22,100,24,1.987013
22,100,25,1.905584
22,100,26,1.974862
22,100,27,1.984897
22,100,28,1.963569
22,100,29,1.958255
22,100,30,1.950872
22,100,31,1.961812
22,100,32,1.942921
22,100,33,1.979536
22,100,34,1.98287
22,100,35,1.9746
22,100,36,1.975455
22,100,37,1.976874
22,100,38,1.9742
22,100,39,1.968202
22,100,40,1.982906
22,100,41,1.969554
22,100,42,1.981348
22,100,43,1.971194
22,100,44,1.979903
22,100,45,1.961668
22,100,46,1.982712
22,100,47,1.977523
22,100,48,1.940699
22,100,49,1.964449
22,100,50,1.982315
22,100,51,1.98732
22,100,52,1.933658
22,100,53,1.975789
22,100,54,1.975365
22,100,55,1.943966
22,100,56,1.972306
22,100,57,1.979286
22,100,58,1.982457
22,100,59,1.978112
22,100,60,1.972683
22,100,61,1.973698
22,100,62,1.908975
22,100,63,1.973109
22,100,64,1.971748
22,100,65,1.971844
22,100,66,1.982834
22,100,67,1.979941
22,100,68,1.93395
22,100,69,1.972937
22,100,70,1.950688
22,100,71,1.978515
22,100,72,1.970557
22,100,73,1.982263
22,100,74,1.909829
22,100,75,1.969108
22,100,76,1.954967
22,100,77,1.972346
22,100,78,1.983481
22,100,79,1.981224
22,100,80,1.949461
22,100,81,1.97721
22,100,82,1.956593
22,100,83,1.973634
22,100,84,1.972379
22,100,85,1.966949
22,100,86,1.976879
22,100,87,1.972776
22,100,88,1.981013
22,100,89,1.962786
22,100,90,1.962671
22,100,91,1.974705
22,100,92,1.976485
22,100,93,1.958773
22,100,94,1.980197
22,100,95,1.975359
22,100,96,1.985663
22,100,97,1.983082
22,100,98,1.943136
22,100,99,1.970515
23,100,0,1.979164
23,100,1,1.984127
23,100,2,1.98181
23,100,3,1.94201
23,100,4,1.97776
23,100,5,1.97426
23,100,6,1.947457
23,100,7,1.959117
23,100,8,1.974758
23,100,9,1.947507
23,100,10,1.950505
23,100,11,1.979718
23,100,12,1.977859
23,100,13,1.982822
23,100,14,1.981075
23,100,15,1.978957
23,100,16,1.978422
23,100,17,1.952421
23,100,18,1.984438
23,100,19,1.946698
23,100,20,1.970312
23,100,21,1.98408
23,100,22,1.9723
23,100,23,1.975028
23,100,24,1.986771
23,100,25,1.905281
23,100,26,1.974271
23,100,27,1.984518
23,100,28,1.963334
23,100,29,1.957278
23,100,30,1.950632
23,100,31,1.956956
23,100,32,1.935548
23,100,33,1.97927
23,100,34,1.98238
23,100,35,1.97416
23,100,36,1.972687
23,100,37,1.975151
23,100,38,1.971098
23,100,39,1.967495
23,100,40,1.97963
23,100,41,1.969287
23,100,42,1.9809
23,100,43,1.966776
23,100,44,1.97577
23,100,45,1.960957
23,100,46,1.98239
23,100,47,1.977196
23,100,48,1.93978
23,100,49,1.964129
23,100,50,1.982021
23,100,51,1.986275
23,100,52,1.924032
23,100,53,1.969975
23,100,54,1.974823
23,100,55,1.924556
23,100,56,1.971219
23,100,57,1.979052
23,100,58,1.982153
23,100,59,1.977762
23,100,60,1.972302
23,100,61,1.971476
23,100,62,1.908725
23,100,63,1.972409
23,100,64,1.971292
23,100,65,1.968981
23,100,66,1.982365
23,100,67,1.979203
23,100,68,1.932828
23,100,69,1.966745
23,100,70,1.949812
23,100,71,1.976752
23,100,72,1.965255
23,100,73,1.981693
23,100,74,1.909573
23,100,75,1.968753
23,100,76,1.954576
23,100,77,1.968921
23,100,78,1.982994
23,100,79,1.980422
23,100,80,1.931773
23,100,81,1.97701
23,100,82,1.956243
23,100,83,1.969743
23,100,84,1.97171
23,100,85,1.965839
23,100,86,1.976158
23,100,87,1.971926
23,100,88,1.976641
23,100,89,1.962289
23,100,90,1.960472
23,100,91,1.974072
23,100,92,1.975932
23,100,93,1.957057
23,100,94,1.979988
23,100,95,1.975127
23,100,96,1.983219
23,100,97,1.982709
23,100,98,1.927937
23,100,99,1.969898
24,100,0,1.97893
24,100,1,1.983886
24,100,2,1.981466
24,100,3,1.941279
24,100,4,1.977522
24,100,5,1.973367
24,100,6,1.946978
24,100,7,1.958653
24,100,8,1.973282
24,100,9,1.947011
24,100,10,1.950294
24,100,11,1.979353
24,100,12,1.977218
24,100,13,1.982062
24,100,14,1.980657
24,100,15,1.978499
24,100,16,1.972237
24,100,17,1.950387
24,100,18,1.983884
24,100,19,1.94621
24,100,20,1.969808
24,100,21,1.983608
24,100,22,1.972096
24,100,23,1.974753
24,100,24,1.983449
24,100,25,1.904913
24,100,26,1.973472
24,100,27,1.984023
24,100,28,1.962522
24,100,29,1.956958
24,100,30,1.941603
24,100,31,1.956581
24,100,32,1.935188
24,100,33,1.979022
24,100,34,1.98174
24,100,35,1.973908
24,100,36,1.972406
24,100,37,1.970062
24,100,38,1.97081
24,100,39,1.967181
24,100,40,1.978584
24,100,41,1.968745
24,100,42,1.980397
24,100,43,1.96654
24,100,44,1.975388
24,100,45,1.960596
24,100,46,1.982147
24,100,47,1.976928
24,100,48,1.939378
24,100,49,1.963904
24,100,50,1.981679
24,100,51,1.978154
24,100,52,1.923792
24,100,53,1.968743
24,100,54,1.974489
24,100,55,1.92334
24,100,56,1.965648
24,100,57,1.974456
24,100,58,1.981753
24,100,59,1.977546
24,100,60,1.965053
24,100,61,1.970942
24,100,62,1.90849
24,100,63,1.971403
24,100,64,1.970951
24,100,65,1.968636
24,100,66,1.982116
24,100,67,1.978886
24,100,68,1.932509
24,100,69,1.966517
24,100,70,1.948289
24,100,71,1.976537
24,100,72,1.964752
24,100,73,1.981202
24,100,74,1.907929
24,100,75,1.96837
24,100,76,1.954268
24,100,77,1.968133
24,100,78,1.982697
24,100,79,1.979923
24,100,80,1.931121
24,100,81,1.97678
24,100,82,1.954046
24,100,83,1.967621
24,100,84,1.97073
24,100,85,1.965458
24,100,86,1.975899
24,100,87,1.971341
24,100,88,1.976121
24,100,89,1.96202
24,100,90,1.960174
24,100,91,1.973822
24,100,92,1.968054
24,100,93,1.956814
24,100,94,1.979543
24,100,95,1.974839
24,100,96,1.982978
24,100,97,1.982248
24,100,98,1.926214
24,100,99,1.969611
25,100,0,1.978475
25,100,1,1.981573
25,100,2,1.974271
25,100,3,1.90006
25,100,4,1.976981
25,100,5,1.973055
25,100,6,1.943078
25,100,7,1.956935
25,100,8,1.973006
25,100,9,1.93582
25,100,10,1.949548
25,100,11,1.97874
25,100,12,1.977003
25,100,13,1.981784
25,100,14,1.980321
25,100,15,1.97829
25,100,16,1.971792
25,100,17,1.941621
25,100,18,1.983609
25,100,19,1.936489
25,100,20,1.968622
25,100,21,1.978358
25,100,22,1.963192
25,100,23,1.97374
25,100,24,1.983207
25,100,25,1.904618
25,100,26,1.97286
25,100,27,1.98379
25,100,28,1.962267
25,100,29,1.956616
25,100,30,1.940872
25,100,31,1.955946
25,100,32,1.932865
25,100,33,1.978719
25,100,34,1.981532
25,100,35,1.973676
25,100,36,1.971977
25,100,37,1.969589
25,100,38,1.970232
25,100,39,1.966786
25,100,40,1.978217
25,100,41,1.968517
25,100,42,1.980195
25,100,43,1.966276
25,100,44,1.975015
25,100,45,1.95444
25,100,46,1.981944
25,100,47,1.976637
25,100,48,1.911886
25,100,49,1.9624
25,100,50,1.981144
25,100,51,1.977809
25,100,52,1.923374
25,100,53,1.963925
25,100,54,1.974139
25,100,55,1.923034
25,100,56,1.963614
25,100,57,1.974115
25,100,58,1.981545
25,100,59,1.977195
25,100,60,1.964592
25,100,61,1.967298
25,100,62,1.908024
25,100,63,1.970573
25,100,64,1.96316
25,100,65,1.96809
25,100,66,1.98183
25,100,67,1.978632
25,100,68,1.932281
25,100,69,1.966274
25,100,70,1.946484
25,100,71,1.976111
25,100,72,1.963187
25,100,73,1.980637
25,100,74,1.907198
25,100,75,1.968075
25,100,76,1.951914
25,100,77,1.96325
25,100,78,1.982481
25,100,79,1.979637
25,100,80,1.930647
25,100,81,1.976343
25,100,82,1.953842
25,100,83,1.967417
25,100,84,1.969882
25,100,85,1.964606
25,100,86,1.975104
25,100,87,1.970169
25,100,88,1.97564
25,100,89,1.961501
25,100,90,1.95967
25,100,91,1.973479
25,100,92,1.967652
25,100,93,1.956564
25,100,94,1.975746
25,100,95,1.974408
25,100,96,1.982681
25,100,97,1.979232
25,100,98,1.92572
25,100,99,1.969218
26,100,0,1.977884
26,100,1,1.98137
26,100,2,1.973845
26,100,3,1.898556
26,100,4,1.968814
26,100,5,1.972515
26,100,6,1.94074
26,100,7,1.956658
26,100,8,1.972546
26,100,9,1.932859
26,100,10,1.949307
26,100,11,1.978179
26,100,12,1.976563
26,100,13,1.980558
26,100,14,1.976691
26,100,15,1.977569
26,100,16,1.971532
26,100,17,1.940769
26,100,18,1.982903
26,100,19,1.933509
26,100,20,1.96829
26,100,21,1.978022
26,100,22,1.962627
26,100,23,1.973512
26,100,24,1.982964
26,100,25,1.90409
26,100,26,1.962184
26,100,27,1.983103
26,100,28,1.96175
26,100,29,1.956372
26,100,30,1.940646
26,100,31,1.955669
26,100,32,1.931817
26,100,33,1.973854
26,100,34,1.981163
26,100,35,1.973359
26,100,36,1.971724
26,100,37,1.969172
26,100,38,1.97
26,100,39,1.966447
26,100,40,1.976454
26,100,41,1.967198
26,100,42,1.979821
26,100,43,1.965814
26,100,44,1.974749
26,100,45,1.952718
26,100,46,1.97954
26,100,47,1.976198
26,100,48,1.911344
26,100,49,1.952011
26,100,50,1.980572
26,100,51,1.977593
26,100,52,1.923054
26,100,53,1.962077
26,100,54,1.97383
26,100,55,1.921925
26,100,56,1.963232
26,100,57,1.973317
26,100,58,1.981042
26,100,59,1.976918
26,100,60,1.964345
26,100,61,1.966826
26,100,62,1.907715
26,100,63,1.970369
26,100,64,1.962547
26,100,65,1.967561
26,100,66,1.98151
26,100,67,1.97829
26,100,68,1.931824
26,100,69,1.96556
26,100,70,1.94621
26,100,71,1.970953
26,100,72,1.962205
26,100,73,1.977731
26,100,74,1.906488
26,100,75,1.967254
26,100,76,1.951626
26,100,77,1.962554
26,100,78,1.982133
26,100,79,1.979227
26,100,80,1.930262
26,100,81,1.975784
26,100,82,1.953037
26,100,83,1.966926
26,100,84,1.969677
26,100,85,1.961736
26,100,86,1.968492
26,100,87,1.9698
26,100,88,1.975414
26,100,89,1.961121
26,100,90,1.959228
26,100,91,1.973035
26,100,92,1.967414
26,100,93,1.956225
26,100,94,1.974951
26,100,95,1.974039
26,100,96,1.982359
26,100,97,1.978928
26,100,98,1.923383
26,100,99,1.968901
27,100,0,1.977214
27,100,1,1.980835
27,100,2,1.973629
27,100,3,1.89809
27,100,4,1.968372
27,100,5,1.972295
27,100,6,1.940438
27,100,7,1.955513
27,100,8,1.972275
27,100,9,1.932618
27,100,10,1.949089
27,100,11,1.977864
27,100,12,1.976357
27,100,13,1.980198
27,100,14,1.976317
27,100,15,1.977242
27,100,16,1.971264
27,100,17,1.936576
27,100,18,1.982632
27,100,19,1.933287
27,100,20,1.967213
27,100,21,1.97782
27,100,22,1.962377
27,100,23,1.973071
27,100,24,1.982622
27,100,25,1.903832
27,100,26,1.961978
27,100,27,1.982847
27,100,28,1.959104
27,100,29,1.956146
27,100,30,1.94041
27,100,31,1.95488
27,100,32,1.929144
27,100,33,1.973445
27,100,34,1.980957
27,100,35,1.973126
27,100,36,1.971249
27,100,37,1.968669
27,100,38,1.96958
27,100,39,1.966165
27,100,40,1.975968
27,100,41,1.966893
27,100,42,1.976353
27,100,43,1.965519
27,100,44,1.973947
27,100,45,1.947401
27,100,46,1.978968
27,100,47,1.969889
27,100,48,1.91084
27,100,49,1.951702
27,100,50,1.97835
27,100,51,1.977296
27,100,52,1.922804
27,100,53,1.961584
27,100,54,1.973009
27,100,55,1.91908
27,100,56,1.962871
27,100,57,1.972337
27,100,58,1.980796
27,100,59,1.976667
27,100,60,1.963846
27,100,61,1.96616
27,100,62,1.862493
27,100,63,1.970168
27,100,64,1.9617
27,100,65,1.967356
27,100,66,1.981215
27,100,67,1.978077
27,100,68,1.931474
27,100,69,1.965232
27,100,70,1.94597
27,100,71,1.970605
27,100,72,1.961935
27,100,73,1.97656
27,100,74,1.902609
27,100,75,1.967024
27,100,76,1.951158
27,100,77,1.961749
27,100,78,1.974714
27,100,79,1.97501
27,100,80,1.928062
27,100,81,1.975146
27,100,82,1.949715
27,100,83,1.966683
27,100,84,1.966632
27,100,85,1.960014
27,100,86,1.968053
27,100,87,1.968623
27,100,88,1.974851
27,100,89,1.959287
27,100,90,1.944898
27,100,91,1.972682
27,100,92,1.967116
27,100,93,1.946938
27,100,94,1.97466
27,100,95,1.973648
27,100,96,1.982065
27,100,97,1.978642
27,100,98,1.922936
27,100,99,1.968602
28,100,0,1.976514
28,100,1,1.980223
28,100,2,1.973398
28,100,3,1.897345
28,100,4,1.967677
28,100,5,1.97189
28,100,6,1.939994
28,100,7,1.952474
28,100,8,1.972037
28,100,9,1.921074
28,100,10,1.925954
28,100,11,1.97482
28,100,12,1.976147
28,100,13,1.979823
28,100,14,1.975948
28,100,15,1.976975
28,100,16,1.970722
28,100,17,1.925385
28,100,18,1.982247
28,100,19,1.933076
28,100,20,1.964902
28,100,21,1.977612
28,100,22,1.962113
28,100,23,1.972658
28,100,24,1.982257
28,100,25,1.903491
28,100,26,1.961773
28,100,27,1.98252
28,100,28,1.953674
28,100,29,1.955806
28,100,30,1.9402
28,100,31,1.954044
28,100,32,1.925935
28,100,33,1.973128
28,100,34,1.975772
28,100,35,1.96235
28,100,36,1.970747
28,100,37,1.968028
28,100,38,1.969142
28,100,39,1.965963
28,100,40,1.975527
28,100,41,1.962573
28,100,42,1.976148
28,100,43,1.963224
28,100,44,1.97333
28,100,45,1.94716
28,100,46,1.978406
28,100,47,1.969585
28,100,48,1.905957
28,100,49,1.951461
28,100,50,1.978034
28,100,51,1.977044
28,100,52,1.922536
28,100,53,1.961159
28,100,54,1.972589
28,100,55,1.913162
28,100,56,1.962375
28,100,57,1.971331
28,100,58,1.980545
28,100,59,1.976229
28,100,60,1.963559
28,100,61,1.965948
28,100,62,1.862275
28,100,63,1.966793
28,100,64,1.96087
28,100,65,1.966353
28,100,66,1.980999
28,100,67,1.977798
28,100,68,1.928461
28,100,69,1.965014
28,100,70,1.945724
28,100,71,1.970288
28,100,72,1.961265
28,100,73,1.976098
28,100,74,1.893174
28,100,75,1.966769
28,100,76,1.95032
28,100,77,1.959119
28,100,78,1.974481
28,100,79,1.974712
28,100,80,1.921644
28,100,81,1.97448
28,100,82,1.937493
28,100,83,1.966447
28,100,84,1.966432
28,100,85,1.957053
28,100,86,1.966734
28,100,87,1.966301
28,100,88,1.974319
28,100,89,1.956261
28,100,90,1.944093
28,100,91,1.972269
28,100,92,1.966328
28,100,93,1.946644
28,100,94,1.974432
28,100,95,1.973249
28,100,96,1.981614
28,100,97,1.978248
28,100,98,1.922446
28,100,99,1.959734
29,100,0,1.976174
29,100,1,1.979872
29,100,2,1.97319
29,100,3,1.895534
29,100,4,1.967148
29,100,5,1.967943
29,100,6,1.935377
29,100,7,1.950086
29,100,8,1.971772
29,100,9,1.908852
29,100,10,1.924946
29,100,11,1.9744
29,100,12,1.971832
29,100,13,1.979583
29,100,14,1.975508
29,100,15,1.97662
29,100,16,1.970339
29,100,17,1.925181
29,100,18,1.981954
29,100,19,1.92231
29,100,20,1.962728
29,100,21,1.977398
29,100,22,1.961771
29,100,23,1.972128
29,100,24,1.981923
29,100,25,1.899935
29,100,26,1.961405
29,100,27,1.982287
29,100,28,1.953395
29,100,29,1.941958
29,100,30,1.939513
29,100,31,1.952938
29,100,32,1.922529
29,100,33,1.972587
29,100,34,1.975561
29,100,35,1.962099
29,100,36,1.970134
29,100,37,1.967387
29,100,38,1.968296
29,100,39,1.965583
29,100,40,1.975223
29,100,41,1.962318
29,100,42,1.975942
29,100,43,1.962885
29,100,44,1.972172
29,100,45,1.940282
29,100,46,1.978098
29,100,47,1.969355
29,100,48,1.905411
29,100,49,1.950994
29,100,50,1.977214
29,100,51,1.976644
29,100,52,1.92156
29,100,53,1.96067
29,100,54,1.967411
29,100,55,1.912812
29,100,56,1.960178
29,100,57,1.971062
29,100,58,1.973826
29,100,59,1.975872
29,100,60,1.962666
29,100,61,1.965527
29,100,62,1.860677
29,100,63,1.966393
29,100,64,1.960351
29,100,65,1.96211
29,100,66,1.980697
29,100,67,1.977498
29,100,68,1.928097
29,100,69,1.964596
29,100,70,1.945268
29,100,71,1.969784
29,100,72,1.96101
29,100,73,1.975853
29,100,74,1.88839
29,100,75,1.960722
29,100,76,1.950033
29,100,77,1.958577
29,100,78,1.974235
29,100,79,1.974492
29,100,80,1.918781
29,100,81,1.974138
29,100,82,1.931418
29,100,83,1.966127
29,100,84,1.966041
29,100,85,1.956248
29,100,86,1.965912
29,100,87,1.963983
29,100,88,1.973541
29,100,89,1.954024
29,100,90,1.943888
29,100,91,1.971883
29,100,92,1.965983
29,100,93,1.946417
29,100,94,1.974138
29,100,95,1.971799
29,100,96,1.981071
29,100,97,1.977937
29,100,98,1.922055
29,100,99,1.959329
30,100,0,1.975973
30,100,1,1.979576
30,100,2,1.972957
30,100,3,1.89318
30,100,4,1.966166
30,100,5,1.967563
30,100,6,1.935018
30,100,7,1.949851
30,100,8,1.96847
30,100,9,1.908642
30,100,10,1.924576
30,100,11,1.973948
30,100,12,1.971566
30,100,13,1.979328
30,100,14,1.975048
30,100,15,1.97574
30,100,16,1.969834
30,100,17,1.924211
30,100,18,1.981734
30,100,19,1.912095
30,100,20,1.956997
30,100,21,1.977121
30,100,22,1.961528
30,100,23,1.971362
30,100,24,1.981682
30,100,25,1.898826
30,100,26,1.960846
30,100,27,1.97937
30,100,28,1.948849
30,100,29,1.941541
30,100,30,1.939204
30,100,31,1.95151
30,100,32,1.916608
30,100,33,1.972248
30,100,34,1.975324
30,100,35,1.961771
30,100,36,1.969182
30,100,37,1.965911
30,100,38,1.967325
30,100,39,1.958536
30,100,40,1.974845
30,100,41,1.960007
30,100,42,1.975671
30,100,43,1.962666
30,100,44,1.971464
30,100,45,1.940061
30,100,46,1.977776
30,100,47,1.968278
30,100,48,1.903845
30,100,49,1.950742
30,100,50,1.97692
30,100,51,1.976148
30,100,52,1.921168
30,100,53,1.960368
30,100,54,1.966869
30,100,55,1.908084
30,100,56,1.95969
30,100,57,1.970832
30,100,58,1.973594
30,100,59,1.975419
30,100,60,1.962352
30,100,61,1.964844
30,100,62,1.860209
30,100,63,1.965727
30,100,64,1.959914
30,100,65,1.961855
30,100,66,1.980273
30,100,67,1.977217
30,100,68,1.927356
30,100,69,1.961994
30,100,70,1.944413
30,100,71,1.969098
30,100,72,1.948181
30,100,73,1.975565
30,100,74,1.879403
30,100,75,1.958548
30,100,76,1.941543
30,100,77,1.957907
30,100,78,1.973978
30,100,79,1.97421
30,100,80,1.913479
30,100,81,1.970587
30,100,82,1.930692
30,100,83,1.965899
30,100,84,1.965404
30,100,85,1.953267
30,100,86,1.96558
30,100,87,1.96378
30,100,88,1.972809
30,100,89,1.950919
30,100,90,1.943618
30,100,91,1.971084
30,100,92,1.965481
30,100,93,1.946089
30,100,94,1.972952
30,100,95,1.97157
30,100,96,1.978627
30,100,97,1.977542
30,100,98,1.921354
30,100,99,1.959127
31,100,0,1.975097
31,100,1,1.979334
31,100,2,1.97238
31,100,3,1.892885
31,100,4,1.965938
31,100,5,1.966405
31,100,6,1.933489
31,100,7,1.949391
31,100,8,1.967518
31,100,9,1.90321
31,100,10,1.924236
31,100,11,1.973583
31,100,12,1.970954
31,100,13,1.977316
31,100,14,1.974795
31,100,15,1.975389
31,100,16,1.969618
31,100,17,1.923955
31,100,18,1.980888
31,100,19,1.90755
31,100,20,1.956544
31,100,21,1.976691
31,100,22,1.961324
31,100,23,1.966196
31,100,24,1.97947
31,100,25,1.881196
31,100,26,1.960571
31,100,27,1.978399
31,100,28,1.935695
31,100,29,1.941221
31,100,30,1.938837
31,100,31,1.951285
31,100,32,1.916172
31,100,33,1.971982
31,100,34,1.974822
31,100,35,1.961334
31,100,36,1.96478
31,100,37,1.96563
31,100,38,1.95814
31,100,39,1.957828
31,100,40,1.971743
31,100,41,1.959569
31,100,42,1.975196
31,100,43,1.96243
31,100,44,1.967331
31,100,45,1.937415
31,100,46,1.977533
31,100,47,1.968027
31,100,48,1.902832
31,100,49,1.950214
31,100,50,1.976578
31,100,51,1.97586
31,100,52,1.920865
31,100,53,1.959238
31,100,54,1.966535
31,100,55,1.907849
31,100,56,1.958878
31,100,57,1.96931
31,100,58,1.972747
31,100,59,1.969914
31,100,60,1.961971
31,100,61,1.964517
31,100,62,1.859951
31,100,63,1.965482
31,100,64,1.958109
31,100,65,1.961325
31,100,66,1.979806
31,100,67,1.976842
31,100,68,1.926682
31,100,69,1.961766
31,100,70,1.941061
31,100,71,1.968865
31,100,72,1.947415
31,100,73,1.975075
31,100,74,1.878044
31,100,75,1.958191
31,100,76,1.940434
31,100,77,1.957493
31,100,78,1.973558
31,100,79,1.973408
31,100,80,1.91297
31,100,81,1.969732
31,100,82,1.930413
31,100,83,1.961155
31,100,84,1.965164
31,100,85,1.95275
31,100,86,1.965303
31,100,87,1.963302
31,100,88,1.97253
31,100,89,1.950596
31,100,90,1.943177
31,100,91,1.97072
31,100,92,1.965206
31,100,93,1.945846
31,100,94,1.972601
31,100,95,1.971114
31,100,96,1.978386
31,100,97,1.977169
31,100,98,1.918585
31,100,99,1.95851
32,100,0,1.971657
32,100,1,1.978372
32,100,2,1.972105
32,100,3,1.892467
32,100,4,1.965466
32,100,5,1.965511
32,100,6,1.912728
32,100,7,1.949133
32,100,8,1.966785
32,100,9,1.902766
32,100,10,1.923968
32,100,11,1.973006
32,100,12,1.970176
32,100,13,1.976978
32,100,14,1.974568
32,100,15,1.972024
32,100,16,1.969033
32,100,17,1.920055
32,100,18,1.977935
32,100,19,1.907191
32,100,20,1.956342
32,100,21,1.97621
32,100,22,1.958937
32,100,23,1.965868
32,100,24,1.978973
32,100,25,1.880892
32,100,26,1.95998
32,100,27,1.978179
32,100,28,1.934166
32,100,29,1.940879
32,100,30,1.938597
32,100,31,1.951035
32,100,32,1.915096
32,100,33,1.971734
32,100,34,1.97429
32,100,35,1.960948
32,100,36,1.964501
32,100,37,1.96511
32,100,38,1.957294
32,100,39,1.957514
32,100,40,1.971221
32,100,41,1.959302
32,100,42,1.974633
32,100,43,1.962166
32,100,44,1.96695
32,100,45,1.937114
32,100,46,1.976414
32,100,47,1.96685
32,100,48,1.899188
32,100,49,1.949894
32,100,50,1.976318
32,100,51,1.975306
32,100,52,1.913087
32,100,53,1.958752
32,100,54,1.964402
32,100,55,1.906572
32,100,56,1.958399
32,100,57,1.969076
32,100,58,1.972454
32,100,59,1.969435
32,100,60,1.954722
32,100,61,1.959617
32,100,62,1.859701
32,100,63,1.964782
32,100,64,1.957654
32,100,65,1.960464
32,100,66,1.979296
32,100,67,1.976578
32,100,68,1.924423
32,100,69,1.961523
32,100,70,1.940185
32,100,71,1.968159
32,100,72,1.946732
32,100,73,1.97451
32,100,74,1.874597
32,100,75,1.955873
32,100,76,1.940043
32,100,77,1.957281
32,100,78,1.973287
32,100,79,1.972909
32,100,80,1.911475
32,100,81,1.969532
32,100,82,1.925796
32,100,83,1.960951
32,100,84,1.964495
32,100,85,1.950413
32,100,86,1.964934
32,100,87,1.95948
32,100,88,1.968206
32,100,89,1.950255
32,100,90,1.942511
32,100,91,1.969998
32,100,92,1.964671
32,100,93,1.945596
32,100,94,1.972392
32,100,95,1.970881
32,100,96,1.978036
32,100,97,1.976708
32,100,98,1.914214
32,100,99,1.958224
33,100,0,1.971423
33,100,1,1.975453
33,100,2,1.971819
33,100,3,1.891997
33,100,4,1.96501
33,100,5,1.9652
33,100,6,1.909899
33,100,7,1.940294
33,100,8,1.965986
33,100,9,1.902328
33,100,10,1.922466
33,100,11,1.972394
33,100,12,1.96979
33,100,13,1.976536
33,100,14,1.974124
33,100,15,1.970636
33,100,16,1.968569
33,100,17,1.919749
33,100,18,1.977425
33,100,19,1.906596
33,100,20,1.956106
33,100,21,1.975867
33,100,22,1.958372
33,100,23,1.965193
33,100,24,1.978732
33,100,25,1.879978
33,100,26,1.959181
33,100,27,1.977755
33,100,28,1.933931
33,100,29,1.940635
33,100,30,1.937515
33,100,31,1.950508
33,100,32,1.91442
33,100,33,1.971431
33,100,34,1.973878
33,100,35,1.960732
33,100,36,1.964136
33,100,37,1.96486
33,100,38,1.956827
33,100,39,1.95712
33,100,40,1.970752
33,100,41,1.956262
33,100,42,1.97428
33,100,43,1.961704
33,100,44,1.966577
33,100,45,1.936403
33,100,46,1.976211
33,100,47,1.965705
33,100,48,1.898961
33,100,49,1.949432
33,100,50,1.975783
33,100,51,1.975056
33,100,52,1.912602
33,100,53,1.955899
33,100,54,1.964052
33,100,55,1.895119
33,100,56,1.957312
33,100,57,1.962909
33,100,58,1.972152
33,100,59,1.968975
33,100,60,1.954261
33,100,61,1.957358
33,100,62,1.858532
33,100,63,1.963776
33,100,64,1.957313
33,100,65,1.9601
33,100,66,1.974539
33,100,67,1.976219
33,100,68,1.903526
33,100,69,1.96081
33,100,70,1.938662
33,100,71,1.967839
33,100,72,1.945992
33,100,73,1.96928
33,100,74,1.873111
33,100,75,1.953486
33,100,76,1.939755
33,100,77,1.954267
33,100,78,1.972992
33,100,79,1.972623
33,100,80,1.910353
33,100,81,1.969302
33,100,82,1.925446
33,100,83,1.96046
33,100,84,1.963514
33,100,85,1.949303
33,100,86,1.964657
33,100,87,1.959221
33,100,88,1.967484
33,100,89,1.947606
33,100,90,1.942161
33,100,91,1.961894
33,100,92,1.964352
33,100,93,1.945257
33,100,94,1.970674
33,100,95,1.970593
33,100,96,1.97774
33,100,97,1.974257
33,100,98,1.913581
33,100,99,1.95783
34,100,0,1.970968
34,100,1,1.97525
34,100,2,1.971566
34,100,3,1.890182
34,100,4,1.964771
34,100,5,1.964659
34,100,6,1.909419
34,100,7,1.93983
34,100,8,1.960064
34,100,9,1.901832
34,100,10,1.922255
34,100,11,1.971832
34,100,12,1.966385
34,100,13,1.976099
34,100,14,1.973076
34,100,15,1.970179
34,100,16,1.962384
34,100,17,1.914388
34,100,18,1.977161
34,100,19,1.906107
34,100,20,1.955602
34,100,21,1.973544
34,100,22,1.955727
34,100,23,1.964918
34,100,24,1.978489
34,100,25,1.879611
34,100,26,1.958569
34,100,27,1.977474
34,100,28,1.933676
34,100,29,1.939948
34,100,30,1.92436
34,100,31,1.950059
34,100,32,1.904417
34,100,33,1.967452
34,100,34,1.970668
34,100,35,1.960454
34,100,36,1.963701
34,100,37,1.9645
34,100,38,1.956452
34,100,39,1.95678
34,100,40,1.970014
34,100,41,1.95572
34,100,42,1.971607
34,100,43,1.958326
34,100,44,1.966311
34,100,45,1.936041
34,100,46,1.973156
34,100,47,1.965437
34,100,48,1.898559
34,100,49,1.949207
34,100,50,1.97521
34,100,51,1.974739
34,100,52,1.912362
34,100,53,1.954812
34,100,54,1.963743
34,100,55,1.894813
34,100,56,1.954644
34,100,57,1.962568
34,100,58,1.971852
34,100,59,1.968759
34,100,60,1.954014
34,100,61,1.956823
34,100,62,1.858296
34,100,63,1.962946
34,100,64,1.942125
34,100,65,1.959755
34,100,66,1.974181
34,100,67,1.971911
34,100,68,1.903207
34,100,69,1.956271
34,100,70,1.936857
34,100,71,1.967496
34,100,72,1.94549
34,100,73,1.968751
34,100,74,1.871968
34,100,75,1.953103
34,100,76,1.939446
34,100,77,1.953479
34,100,78,1.97278
34,100,79,1.972213
34,100,80,1.9098
34,100,81,1.968865
34,100,82,1.925242
34,100,83,1.957863
34,100,84,1.962667
34,100,85,1.948451
34,100,86,1.964398
34,100,87,1.958636
34,100,88,1.966408
34,100,89,1.946974
34,100,90,1.941863
34,100,91,1.961218
34,100,92,1.95549
34,100,93,1.944182
34,100,94,1.970228
34,100,95,1.970162
34,100,96,1.977418
34,100,97,1.973954
34,100,98,1.906208
34,100,99,1.957513
35,100,0,1.967521
35,100,1,1.974715
35,100,2,1.971287
35,100,3,1.888678
35,100,4,1.957472
35,100,5,1.96444
35,100,6,1.907082
35,100,7,1.938112
35,100,8,1.958636
35,100,9,1.89887
35,100,10,1.922014
35,100,11,1.971517
35,100,12,1.965279
35,100,13,1.971378
35,100,14,1.9728
35,100,15,1.96997
35,100,16,1.961939
35,100,17,1.913536
35,100,18,1.976823
35,100,19,1.903126
35,100,20,1.954416
35,100,21,1.972908
35,100,22,1.955477
35,100,23,1.964691
35,100,24,1.978147
35,100,25,1.879082
35,100,26,1.950899
35,100,27,1.977218
35,100,28,1.933159
35,100,29,1.939722
35,100,30,1.924134
35,100,31,1.944384
35,100,32,1.903968
35,100,33,1.967043
35,100,34,1.969832
35,100,35,1.960079
35,100,36,1.963476
35,100,37,1.964125
35,100,38,1.95444
35,100,39,1.956498
35,100,40,1.969776
35,100,41,1.955492
35,100,42,1.970817
35,100,43,1.958031
35,100,44,1.965508
35,100,45,1.93432
35,100,46,1.972583
35,100,47,1.965146
35,100,48,1.898017
35,100,49,1.920012
35,100,50,1.972428
35,100,51,1.97398
35,100,52,1.912042
35,100,53,1.952964
35,100,54,1.962922
35,100,55,1.893703
35,100,56,1.954263
35,100,57,1.960924
35,100,58,1.971612
35,100,59,1.968408
35,100,60,1.953515
35,100,61,1.956351
35,100,62,1.857987
35,100,63,1.953511
35,100,64,1.941393
35,100,65,1.959226
35,100,66,1.973738
35,100,67,1.971475
35,100,68,1.90275
35,100,69,1.955942
35,100,70,1.921346
35,100,71,1.96627
35,100,72,1.944508
35,100,73,1.968412
35,100,74,1.85327
35,100,75,1.952808
35,100,76,1.939195
35,100,77,1.952784
35,100,78,1.97242
35,100,79,1.967031
35,100,80,1.909544
35,100,81,1.965584
35,100,82,1.924436
35,100,83,1.95762
35,100,84,1.953086
35,100,85,1.946151
35,100,86,1.963603
35,100,87,1.957464
35,100,88,1.966158
35,100,89,1.945575
35,100,90,1.941421
35,100,91,1.960692
35,100,92,1.955252
35,100,93,1.935116
35,100,94,1.967037
35,100,95,1.965871
35,100,96,1.977124
35,100,97,1.973667
35,100,98,1.901352
35,100,99,1.957215
36,100,0,1.96693
36,100,1,1.974102
36,100,2,1.970919
36,100,3,1.875145
36,100,4,1.957087
36,100,5,1.964035
36,100,6,1.90678
36,100,7,1.937835
36,100,8,1.95836
36,100,9,1.898629
36,100,10,1.921268
36,100,11,1.967501
36,100,12,1.965064
36,100,13,1.97114
36,100,14,1.972464
36,100,15,1.969248
36,100,16,1.961679
36,100,17,1.90738
36,100,18,1.976301
36,100,19,1.902905
36,100,20,1.954084
36,100,21,1.969785
36,100,22,1.955214
36,100,23,1.964182
36,100,24,1.977782
36,100,25,1.878787
36,100,26,1.946285
36,100,27,1.97684
36,100,28,1.930513
36,100,29,1.939382
36,100,30,1.923403
36,100,31,1.943749
36,100,32,1.901645
36,100,33,1.966726
36,100,34,1.969625
36,100,35,1.959639
36,100,36,1.963046
36,100,37,1.963652
36,100,38,1.951338
36,100,39,1.956296
36,100,40,1.965316
36,100,41,1.954173
36,100,42,1.970615
36,100,43,1.955736
36,100,44,1.964892
36,100,45,1.925762
36,100,46,1.972022
36,100,47,1.964707
36,100,48,1.897099
36,100,49,1.918509
36,100,50,1.972112
36,100,51,1.972935
36,100,52,1.911624
36,100,53,1.944228
36,100,54,1.962502
36,100,55,1.890858
36,100,56,1.953901
36,100,57,1.960126
36,100,58,1.971308
36,100,59,1.968131
36,100,60,1.953228
36,100,61,1.95413
36,100,62,1.857522
36,100,63,1.953306
36,100,64,1.940781
36,100,65,1.956363
36,100,66,1.97327
36,100,67,1.970737
36,100,68,1.901628
36,100,69,1.955724
36,100,70,1.921072
36,100,71,1.964507
36,100,72,1.939205
36,100,73,1.96795
36,100,74,1.853014
36,100,75,1.951987
36,100,76,1.938357
36,100,77,1.949358
36,100,78,1.971934
36,100,79,1.966732
36,100,80,1.903702
36,100,81,1.965024
36,100,82,1.917559
36,100,83,1.957383
36,100,84,1.95288
36,100,85,1.944429
36,100,86,1.955447
36,100,87,1.957095
36,100,88,1.965677
36,100,89,1.945078
36,100,90,1.939222
36,100,91,1.960348
36,100,92,1.954699
36,100,93,1.934821
36,100,94,1.966243
36,100,95,1.965502
36,100,96,1.976672
36,100,97,1.973273
36,100,98,1.900858
36,100,99,1.950234
37,100,0,1.966261
37,100,1,1.972161
37,100,2,1.963724
37,100,3,1.8744
37,100,4,1.956645
37,100,5,1.959212
37,100,6,1.906336
37,100,7,1.93669
37,100,8,1.956884
37,100,9,1.893353
37,100,10,1.878271
37,100,11,1.96702
37,100,12,1.964422
37,100,13,1.970862
37,100,14,1.972046
37,100,15,1.968981
37,100,16,1.961411
37,100,17,1.901264
37,100,18,1.976026
37,100,19,1.902694
37,100,20,1.953007
37,100,21,1.969313
37,100,22,1.954872
37,100,23,1.963741
37,100,24,1.976929
37,100,25,1.878446
37,100,26,1.94608
37,100,27,1.976607
37,100,28,1.925082
37,100,29,1.926854
37,100,30,1.923192
37,100,31,1.943373
37,100,32,1.901285
37,100,33,1.966186
37,100,34,1.968985
37,100,35,1.959408
37,100,36,1.962765
37,100,37,1.958004
37,100,38,1.950761
37,100,39,1.955916
37,100,40,1.964948
37,100,41,1.950853
37,100,42,1.970112
37,100,43,1.955396
37,100,44,1.963733
37,100,45,1.925521
37,100,46,1.969925
37,100,47,1.961223
37,100,48,1.896594
37,100,49,1.918268
37,100,50,1.971827
37,100,51,1.97259
37,100,52,1.911356
37,100,53,1.943736
37,100,54,1.959808
37,100,55,1.884941
37,100,56,1.953405
37,100,57,1.959146
37,100,58,1.971101
37,100,59,1.96788
37,100,60,1.952334
37,100,61,1.953464
37,100,62,1.857304
37,100,63,1.953106
37,100,64,1.939934
37,100,65,1.956157
37,100,66,1.972984
37,100,67,1.970483
37,100,68,1.901278
37,100,69,1.955306
37,100,70,1.920832
37,100,71,1.964081
37,100,72,1.938936
37,100,73,1.96712
37,100,74,1.849135
37,100,75,1.951757
37,100,76,1.937988
37,100,77,1.948554
37,100,78,1.971718
37,100,79,1.966513
37,100,80,1.901503
37,100,81,1.964386
37,100,82,1.912641
37,100,83,1.957064
37,100,84,1.95024
37,100,85,1.941468
37,100,86,1.955008
37,100,87,1.955918
37,100,88,1.965157
37,100,89,1.943245
37,100,90,1.925909
37,100,91,1.960098
37,100,92,1.954402
37,100,93,1.934594
37,100,94,1.966015
37,100,95,1.965112
37,100,96,1.976125
37,100,97,1.972962
37,100,98,1.899135
37,100,99,1.949828
